"id"	"rate"
1001	0.00300841693119352
1003	0.0121000298629622
1005	0.00127194098193844
1007	0.000442414254587283
1009	0.000895888865539248
1011	0.000353931403669826
1013	0.00109497528010352
1015	0.00720029199340803
1017	0.000652561025516242
1019	0.00209040735292491
1021	0.00195768307654873
1023	0.000929069934633294
1025	0.000718923163704335
1027	0.000143784632740867
1029	0.000884828509174566
1031	0.00422505613130855
1033	0.00178071737471381
1035	0.000364991760034508
1037	0.000674681738245606
1039	0.00534215212414144
1041	0.000796345658257109
1043	0.00259918374570029
1045	0.00303053764392289
1047	0.00318538263302844
1049	0.00400384900401491
1051	0.00411445256766173
1053	0.00157057060378485
1055	0.0011723977746563
1057	0.000210146770928959
1059	0.00134936347649121
1061	0.00182495880017254
1063	0.00064150066915156
1065	0.000398172829128555
1067	0.000785285301892427
1069	0.00947872540453253
1071	0.00195768307654873
1073	0.0225852476966808
1075	0.000409233185493237
1077	0.00310796013847566
1079	0.00143784632740867
1081	0.0133609104885359
1083	0.00262130445842965
1085	0.000254388196387688
1087	0.00131618240739717
1089	0.0246535343368763
1091	0.000851647440080519
1093	0.00132724276376185
1095	0.00398172829128555
1097	0.016524172408835
1099	0.000398172829128555
1101	0.00694590379702034
1103	0.00254388196387688
1105	0
1107	0.000243327840023006
1109	0.00163693274197295
1111	0.00122769955647971
1113	0.00535321248050612
1115	0.00183601915653722
1117	0.00780861159346554
1119	0.00032075033457578
1121	0.00697908486611439
1123	0.00106179421100948
1125	0.00976629467001427
1127	0.0025881233893356
1129	0.000564078174598786
1131	0.000287569265481734
1133	0.00196874343291341
2013	0.000353931403669826
2016	0.0014820877528674
2020	0.0583323194673332
2050	0.0158384303142247
2060	0.000132724276376185
2068	3.31810690940462e-05
2070	0.00380476258945063
2090	0.0195768307654873
2100	7.74224945527745e-05
2105	0.00182495880017254
2110	0.00526472962958867
2122	0.016767500248858
2130	0.00324068441485185
2150	0.00319644298939312
2164	0.00190238129472532
2170	0.0227953944676097
2180	0.00745468018979572
2185	0.00635970490969219
2188	0.00503246214593034
2195	0.00161481202924358
2198	0.00120557884375035
2220	0.00423611648767323
2230	0.000154844989105549
2240	0.000862707796445201
2261	0.00196874343291341
2270	0.00847223297534647
2275	0.00109497528010352
2282	0.000221207127293641
2290	0.00349507261123953
4001	0.00310796013847566
4003	0.0115359516883634
4005	0.0271974163007532
4007	0.00692378308429098
4009	0.00192450200745468
4011	0.000995432072821386
4012	0.00230055412385387
4013	0.462499861745545
4015	0.0170882505834338
4017	0.00574032495326999
4019	0.160286684436973
4021	0.0290666165263845
4023	0.00245539911295942
4025	0.0194441064891111
4027	0.0183491312090076
5001	0.00106179421100948
5003	0.0035171933239689
5005	0.00140466525831462
5007	0.0171103712961632
5009	0.00149314810923208
5011	0.00103967349828011
5013	0.000199086414564277
5015	0.000951190647362658
5017	0.00194662272018404
5019	0.00298629621846416
5021	0.000873768152809883
5023	0.00230055412385387
5025	0.00032075033457578
5027	0.00275402873480584
5029	0.00150420846559676
5031	0.0061716788514926
5033	0.00108391492373884
5035	0.00454580646588433
5037	0.000564078174598786
5039	0.000353931403669826
5041	0.004070211142203
5043	0.00223419198566578
5045	0.00671363631336202
5047	0.000442414254587283
5049	0.000486655680046011
5051	0.00561866103325849
5053	0.00096225100372734
5055	0.00374946080762722
5057	0.00264342517115901
5059	0.00132724276376185
5061	0.00116133741829162
5063	0.00102861314191543
5065	0.000398172829128555
5067	0.00058619888732815
5069	0.00685742094610288
5071	0.00178071737471381
5073	0.00154844989105549
5075	0.00103967349828011
5077	0.00026544855275237
5079	0.00238903697477133
5081	0.000884828509174566
5083	0.00103967349828011
5085	0.0043799011204141
5087	0.00037605211639919
5089	0.000752104232798381
5091	0.00331810690940462
5093	0.00454580646588433
5095	0.000132724276376185
5097	4.42414254587283e-05
5099	0.000387112472763872
5101	7.74224945527745e-05
5103	0.0014157256146793
5105	0.000453474610951965
5107	0.000221207127293641
5109	0.00123875991284439
5111	0.000619379956422196
5113	0.000840587083715837
5115	0.00459004789134306
5117	0.000309689978211098
5119	0.0188468472454182
5121	0.00130512205103248
5123	0.000829526727351155
5125	0.00282039087299393
5127	0.000619379956422196
5129	0
5131	0.00815148264077069
5133	0.000741043876433699
5135	0.00149314810923208
5137	0.00193556236381936
5139	0.00495503965137757
5141	0.00311902049484034
5143	0.0109165717319412
5145	0.00200192450200745
5147	0.000475595323681329
5149	0.000851647440080519
6001	0.23412562352759
6003	0
6005	0.002156769491113
6007	0.0363222103016159
6009	0.00188026058199595
6011	0.000984371716456704
6013	0.0879630141683165
6015	0.00314114120756971
6017	0.0185813986926659
6019	0.137745678165751
6021	0.00175859666198445
6023	0.0239124904604426
6025	0.0116907966774689
6027	0.00510988464048312
6029	0.0743034740579342
6031	0.0132834879939832
6033	0.0039485472221915
6035	0.00163693274197295
6037	1
6039	0.00932388041542699
6041	0.0330262241049407
6043	0.00248858018205347
6045	0.00731089555705485
6047	0.0354595025051707
6049	0.0014820877528674
6051	0.00451262539679028
6053	0.111377788592348
6055	0.0105737006846361
6057	0.00722241270613739
6059	0.305874155265283
6061	0.0314114120756971
6063	0.000464534967316647
6065	0.155198920509219
6067	0.160386227644255
6069	0.00509882428411843
6071	0.119628814440401
6073	0.291484631634831
6075	0.265271587050535
6077	0.0488535940628007
6079	0.0391094201055158
6081	0.0951190647362658
6083	0.112428522446993
6085	0.284162675721412
6087	0.067246966697267
6089	0.0159711545906009
6091	0.000309689978211098
6093	0.00334022762213399
6095	0.0313339895811443
6097	0.0583433798236979
6099	0.0414431552984637
6101	0.00765376660435999
6103	0.00612743742603387
6105	0.00186920022563127
6107	0.0392310840255273
6109	0.00338446904759271
6111	0.0752989061307555
6113	0.0923871567141893
6115	0.00583986816055213
8001	0.0339110526141152
8003	0.00169223452379636
8005	0.0474821098735801
8007	0.000873768152809883
8009	0.00032075033457578
8011	0.000165905345470231
8013	0.0959264707508876
8014	0.00644818776060965
8015	0.00364991760034508
8017	8.84828509174566e-05
8019	0.000685742094610288
8021	0.000630440312786878
8023	0.000188026058199595
8025	0.000387112472763872
8027	0
8029	0.00259918374570029
8031	0.118102485262075
8033	6.63621381880924e-05
8035	0.0193335029254643
8037	0.00523154856049462
8039	0.00161481202924358
8041	0.0480130069790849
8043	0.00282039087299393
8045	0.00701226593520843
8047	0.000199086414564277
8049	0.0011723977746563
8051	0.0117350381029277
8053	0.000420293541857919
8055	0.000674681738245606
8057	0.000143784632740867
8059	0.0642717308351675
8061	5.53017818234104e-05
8063	0.000398172829128555
8065	0.000553017818234103
8067	0.0123433577029852
8069	0.0870781856591419
8071	0.000862707796445201
8073	0.000232267483658323
8075	0.00276508909117052
8077	0.0191344165109
8079	2.21207127293641e-05
8081	0.000851647440080519
8083	0.00194662272018404
8085	0.00326280512758121
8087	0.00155951024742017
8089	0.0022231316293011
8091	0.000663621381880924
8093	0.000553017818234103
8095	0.000342871047305144
8097	0.00585092851691681
8099	0.00199086414564277
8101	0.0116354948956455
8103	0.000829526727351155
8105	0.000652561025516242
8107	0.00600577350602236
8109	0.00108391492373884
8111	0.000497716036410693
8113	0.00276508909117052
8115	0.000154844989105549
8117	0.00580668709145809
8119	0.0012940616946678
8121	0.000398172829128555
8123	0.0285357194208797
8125	0.000840587083715837
9001	0.0565405417362547
9003	0.0632431176932521
9005	0.00671363631336202
9007	0.0102197692809662
9009	0.0627454016568414
9011	0.0184929158417484
9013	0.00618273920785728
9015	0.00440202183314346
10001	0.0111045977901408
10003	0.0255715439151449
10005	0.0238129472531605
11001	0.144437193766383
12001	0.0615287624567264
12003	0.000232267483658323
12005	0.0204284782055678
12007	0.000475595323681329
12009	0.0611305896275978
12011	0.174609845929236
12013	0.0011723977746563
12015	0.0241226372313716
12017	0.0102197692809662
12019	0.0158163096014954
12021	0.0502914403902094
12023	0.00474489288044861
12027	0.00242221804386537
12029	0.00106179421100948
12031	0.0727660845232433
12033	0.0252286728678398
12035	0.00779755123710086
12037	0.00111709599283289
12039	0.00402596971674427
12041	0.000409233185493237
12043	0.000254388196387688
12045	0.000829526727351155
12047	0.00121663920011503
12049	0.00504352250229502
12051	0.00455686682224901
12053	0.00954508754272063
12055	0.00781967194983022
12057	0.120967117560528
12059	0.000575138530963468
12061	0.0114585291938106
12063	0.00230055412385387
12065	0.000475595323681329
12067	0.000840587083715837
12069	0.0237465851149724
12071	0.0690719254974395
12073	0.0243549047150299
12075	0.00286463229845266
12077	0.00032075033457578
12079	0.00486655680046011
12081	0.0320086713193899
12083	0.0333801555086105
12085	0.0130180394412308
12086	0.237499032218818
12087	0.0553017818234103
12089	0.0127194098193844
12091	0.0242664218641125
12093	0.00249964053841815
12095	0.135522546536449
12097	0.0366540209925564
12099	0.126862287502903
12101	0.0353488989415239
12103	0.116233285036444
12105	0.0672137856281729
12107	0.00507670357138907
12109	0.0299956864610178
12111	0.0189463904527004
12113	0.0123322973466205
12115	0.0435225022950239
12117	0.0394301704400916
12119	0.0147323946777565
12121	0.00216782984747769
12123	0.000685742094610288
12125	0.000342871047305144
12127	0.0571378009799476
12129	0.00153738953469081
12131	0.00968887217546149
12133	0.00217889020384237
13001	0.00652561025516242
13003	0.000564078174598786
13005	0.00115027706192694
13007	0.000785285301892427
13009	0.0051209449968478
13011	0.000597259243692832
13013	0.00294205479300543
13015	0.00811830157167664
13017	0.0017254155928904
13019	0.000895888865539248
13021	0.0109829338701293
13023	0.000298629621846416
13025	0.00122769955647971
13027	0.000752104232798381
13029	0.00516518642230653
13031	0.00371627973853318
13033	0.00145996704013803
13035	0.000763164589163063
13037	0.000199086414564277
13039	0.0033291672657693
13043	0.00123875991284439
13045	0.00753210268434849
13047	0.00355037439306294
13049	0.000763164589163063
13051	0.0208487717474257
13053	0.00186920022563127
13055	0.000652561025516242
13057	0.0100317432227666
13059	0.0178514151725969
13061	7.74224945527745e-05
13063	0.0213133067147423
13065	0.00301947728755821
13067	0.0464534967316647
13069	0.00898100936812184
13071	0.00279827016026456
13073	0.0067246966697267
13075	0.00128300133830312
13077	0.00483337573136606
13079	0.000210146770928959
13081	0.00157057060378485
13083	0.000210146770928959
13085	0.000818466370986473
13087	0.00860495725172265
13089	0.0689834426465221
13091	0.00058619888732815
13093	0.00286463229845266
13095	0.00420293541857919
13097	0.00467853074226052
13099	0.00122769955647971
13101	0.00155951024742017
13103	0.00218995056020705
13105	0.000442414254587283
13107	0.00548593675688231
13109	0.00452368575315497
13111	0.000785285301892427
13113	0.0103746142700718
13115	0.00697908486611439
13117	0.0149204207359561
13119	0.00182495880017254
13121	0.0756085961089666
13123	0.00247751982568878
13125	6.63621381880924e-05
13127	0.00933494077179167
13129	0.00572926459690531
13131	0.00464534967316647
13133	0.000486655680046011
13135	0.100096225100373
13137	0.00147102739650272
13139	0.0163582670633648
13141	0.000398172829128555
13143	0.00103967349828011
13145	0.00441308218950815
13147	0.000442414254587283
13149	0.000243327840023006
13151	0.00805193943348855
13153	0.00748786125888976
13155	0.00064150066915156
13157	0.00346189154214549
13159	0.00130512205103248
13161	0.00178071737471381
13163	0.00110603563646821
13165	0
13167	0.0033291672657693
13169	0.000807406014621791
13171	0.000176965701834913
13173	0.00314114120756971
13175	0.00182495880017254
13177	0.0011723977746563
13179	0.0105737006846361
13181	0.000132724276376185
13183	0.00257706303297092
13185	0.0178182341035028
13187	0.00122769955647971
13189	0.00176965701834913
13191	0.000674681738245606
13193	0.000630440312786878
13195	0.00100649242918607
13197	0.000752104232798381
13199	0.00101755278555075
13201	0.00130512205103248
13205	0.00395960757855618
13207	0.00111709599283289
13209	0.00111709599283289
13211	0.00111709599283289
13213	0.000785285301892427
13215	0.0110050545828587
13217	0.00316326192029907
13219	0.00159269131651422
13221	0.000741043876433699
13223	0.00592835101146959
13225	0.00270978730934711
13227	0.00101755278555075
13229	0.00110603563646821
13231	0.000597259243692832
13233	0.00200192450200745
13235	0.000121663920011503
13237	0.00139360490194994
13239	0.000243327840023006
13241	0.000752104232798381
13243	0.000608319600057514
13245	0.00979947573910831
13247	0.00846117261898178
13249	0.000431353898222601
13251	0.000608319600057514
13253	0.000442414254587283
13255	0.00420293541857919
13257	0.000232267483658323
13259	0.000110603563646821
13261	0.00205722628383087
13263	0.00206828664019555
13265	0.000464534967316647
13267	0.00621592027695132
13269	0.000298629621846416
13271	0.00069680245097497
13273	0.000243327840023006
13275	0.00491079822591884
13277	0.00241115768750069
13279	0.00152632917832613
13281	0.000132724276376185
13283	0
13285	0.00935706148452103
13287	0.000553017818234103
13289	0
13291	0.00112815634919757
13293	0.00209040735292491
13295	0.00119451848738566
13297	0.0046895910986252
13299	0.000984371716456704
13301	0.000110603563646821
13303	0.00122769955647971
13305	0.00371627973853318
13307	0
13309	0.000221207127293641
13311	0.000519836749140057
13313	0.0114585291938106
13315	0.000254388196387688
13317	6.63621381880924e-05
13319	0.000254388196387688
13321	0.000873768152809883
15001	0.0192228993618174
15003	0.189607689159745
15005	0.000176965701834913
15007	0.007897094444383
15009	0.0208930131728844
16001	0.0718923163704335
16003	0.000597259243692832
16005	0.00817360335350005
16007	0.000353931403669826
16009	0.00126088062557376
16011	0.00364991760034508
16013	0.00372734009489786
16015	0.000785285301892427
16017	0.00691272272792629
16019	0.0100317432227666
16021	0.000597259243692832
16023	0
16025	8.84828509174566e-05
16027	0.0322741198721423
16029	0.000298629621846416
16031	0.00328492584031057
16033	0.000243327840023006
16035	0.000530897105504739
16037	0.000464534967316647
16039	0.00220101091657173
16041	0.000973311360092022
16043	0.000387112472763872
16045	0.00197980378927809
16047	0.00145996704013803
16049	0.000873768152809883
16051	0.00165905345470231
16053	0.00124982026920907
16055	0.0110382356519527
16057	0.00866025903354606
16059	0.00130512205103248
16061	0.000342871047305144
16063	0.000442414254587283
16065	0.00799663765166514
16067	0.000829526727351155
16069	0.00485549644409543
16071	5.53017818234104e-05
16073	0.000984371716456704
16075	0.00244433875659474
16077	0.00026544855275237
16079	0.00100649242918607
16081	0.00103967349828011
16083	0.00732195591341953
16085	0.00214570913474832
16087	0.00138254454558526
17001	0.00430247862586133
17003	0.00064150066915156
17005	0.000707862807339652
17007	0.00455686682224901
17009	0.000674681738245606
17011	0.00189132093836063
17013	0.000464534967316647
17015	0.000652561025516242
17017	0.000564078174598786
17019	0.0341765011668676
17021	0.0012940616946678
17023	0.00110603563646821
17025	0.00101755278555075
17027	0.00193556236381936
17029	0.00366097795670977
17031	0.533817039585015
17033	0.00147102739650272
17035	0.000630440312786878
17037	0.00817360335350005
17039	0.000608319600057514
17041	0.0049992810768363
17043	0.0622698063331601
17045	0.000984371716456704
17047	0.000564078174598786
17049	0.00314114120756971
17051	0.00243327840023006
17053	0.000553017818234103
17055	0.00195768307654873
17057	0.00200192450200745
17059	0.00032075033457578
17061	0.000729983520069017
17063	0.00253282160751219
17065	1.10603563646821e-05
17067	0.000652561025516242
17069	0.000188026058199595
17071	0.000176965701834913
17073	0.00267660624025306
17075	0.00211252806565428
17077	0.00728877484432548
17079	0.000387112472763872
17081	0.00395960757855618
17083	0.000619379956422196
17085	0.0011723977746563
17087	0.000342871047305144
17089	0.049085861546459
17091	0.00683530023337352
17093	0.00650348954243306
17095	0.00447944432769624
17097	0.0512315706812074
17099	0.00716711092431398
17101	0.000796345658257109
17103	0.00149314810923208
17105	0.00174753630561977
17107	0.00184707951290191
17109	0.0037605211639919
17111	0.0173426387798215
17113	0.0154291971287315
17115	0.00951190647362658
17117	0.00195768307654873
17119	0.0156725249687545
17121	0.00355037439306294
17123	0.000873768152809883
17125	0.00119451848738566
17127	0.00107285456737416
17129	0.000497716036410693
17131	0.00120557884375035
17133	0.000387112472763872
17135	0.00102861314191543
17137	0.00283145122935861
17139	0.00440202183314346
17141	0.00278720980389988
17143	0.0143895236304514
17145	0.000785285301892427
17147	0.000984371716456704
17149	0.00168117416743167
17151	0.000165905345470231
17153	0
17155	0.000154844989105549
17157	0.00115027706192694
17159	0.00140466525831462
17161	0.0102529503500603
17163	0.0168228020306814
17165	0.00154844989105549
17167	0.0122769955647971
17169	0.000254388196387688
17171	7.74224945527745e-05
17173	0.000718923163704335
17175	0.00026544855275237
17177	0.00315220156393439
17179	0.0049992810768363
17181	0.000630440312786878
17183	0.00440202183314346
17185	0.00173647594925509
17187	0.00169223452379636
17189	0.00064150066915156
17191	0.000951190647362658
17193	0.00069680245097497
17195	0.00578456637872872
17197	0.0430469069713426
17199	0.00324068441485185
17201	0.0152854124959906
17203	0.00298629621846416
18001	0.00275402873480584
18003	0.0197648568236869
18005	0.00815148264077069
18007	0.000287569265481734
18009	0.000420293541857919
18011	0.0062933427715041
18013	0.000541957461869421
18015	0.000840587083715837
18017	0.00422505613130855
18019	0.00434672005132005
18021	0.00110603563646821
18023	0.00428035791313196
18025	0.000774224945527745
18027	0.00224525234203046
18029	0.0023447955493126
18031	0.00176965701834913
18033	0.00343977082941612
18035	0.00754316304071317
18037	0.00155951024742017
18039	0.0265890967006957
18041	0.00256600267660624
18043	0.00220101091657173
18045	0.000796345658257109
18047	0.00118345813102098
18049	0.00200192450200745
18051	0.000840587083715837
18053	0.00424717684403792
18055	0.00199086414564277
18057	0.0152079900014378
18059	0.00188026058199595
18061	0.00226737305475982
18063	0.00908055257540398
18065	0.00235585590567728
18067	0.00658091203698583
18069	0.00161481202924358
18071	0.00785285301892427
18073	0.00247751982568878
18075	0.00178071737471381
18077	0.00155951024742017
18079	0.0023447955493126
18081	0.00623804098968069
18083	0.00145996704013803
18085	0.00654773096789179
18087	0.0201630296528154
18089	0.0178514151725969
18091	0.00544169533142358
18093	0.00137148418922058
18095	0.00670257595699733
18097	0.0518841317067236
18099	0.00612743742603387
18101	0.000210146770928959
18103	0.00299735657482884
18105	0.0184154933471956
18107	0.00193556236381936
18109	0.0054306349750589
18111	0.000729983520069017
18113	0.00526472962958867
18115	0.000353931403669826
18117	0.00144890668377335
18119	0.00152632917832613
18121	0.00133830312012653
18123	0.000796345658257109
18125	0.000475595323681329
18127	0.00606107528784577
18129	0.000884828509174566
18131	0.00102861314191543
18133	0.0025881233893356
18135	0.00199086414564277
18137	0.00230055412385387
18139	8.84828509174566e-05
18141	0.0228396358930685
18143	0.00100649242918607
18145	0.00418081470584982
18147	0.000453474610951965
18149	0.000519836749140057
18151	0.00228949376748919
18153	0.00205722628383087
18155	0.000530897105504739
18157	0.0181389844380786
18159	0.00069680245097497
18161	0.00032075033457578
18163	0.0134825744085474
18165	0.000132724276376185
18167	0.00936812184088571
18169	0.00182495880017254
18171	0.00032075033457578
18173	0.00327386548394589
18175	0.0026544855275237
18177	0.00578456637872872
18179	0.00324068441485185
18181	0.00121663920011503
18183	0.00134936347649121
19001	0.000387112472763872
19003	0.000774224945527745
19005	0.00106179421100948
19007	0.000364991760034508
19009	0.000132724276376185
19011	0.00392642650946214
19013	0.00781967194983022
19015	0.000873768152809883
19017	0.000774224945527745
19019	0.00106179421100948
19021	0.0014157256146793
19023	0.000564078174598786
19025	0.000763164589163063
19027	0.00132724276376185
19029	0.00151526882196144
19031	0.000752104232798381
19033	0.00346189154214549
19035	0.00058619888732815
19037	0.00120557884375035
19039	0.000110603563646821
19041	0.00164799309833763
19043	0.000741043876433699
19045	0.00253282160751219
19047	0.000619379956422196
19049	0.00337340869122803
19051	0.000973311360092022
19053	0.000785285301892427
19055	0.000984371716456704
19057	0.00472277216771924
19059	0.000951190647362658
19061	0.00400384900401491
19063	0.00355037439306294
19065	0.00162587238560826
19067	0.00163693274197295
19069	0.000475595323681329
19071	0.000796345658257109
19073	0.000608319600057514
19075	0.000929069934633294
19077	0.000530897105504739
19079	0.00134936347649121
19081	0.00113921670556225
19083	0.00152632917832613
19085	0.000409233185493237
19087	0.00100649242918607
19089	0.000475595323681329
19091	0.000818466370986473
19093	0.000464534967316647
19095	0.000541957461869421
19097	0.000741043876433699
19099	0.00317432227666375
19101	0.00240009733113601
19103	0.028978133675467
19105	0.00108391492373884
19107	0.000398172829128555
19109	0.00107285456737416
19111	0.00180283808744318
19113	0.017950958379879
19115	0.00103967349828011
19117	0.000630440312786878
19119	0.000663621381880924
19121	0.000608319600057514
19123	0.00130512205103248
19125	0.00262130445842965
19127	0.00399278864765023
19129	0.000895888865539248
19131	0.000940130290997976
19133	0.00109497528010352
19135	0.000199086414564277
19137	0.000663621381880924
19139	0.00218995056020705
19141	0.00256600267660624
19143	0.000165905345470231
19145	0.00136042383285589
19147	0.000707862807339652
19149	0.00243327840023006
19151	0.00090694922190393
19153	0.0252065521551104
19155	0.00487761715682479
19157	0.00132724276376185
19159	0.000674681738245606
19161	0.000298629621846416
19163	0.00846117261898178
19165	0.000818466370986473
19167	0.00358355546215699
19169	0.0142125579286165
19171	0.000940130290997976
19173	0.000442414254587283
19175	0.000818466370986473
19177	0.000254388196387688
19179	0.00297523586209948
19181	0.00161481202924358
19183	0.00184707951290191
19185	0.000353931403669826
19187	0.0028978133675467
19189	0.00090694922190393
19191	0.00243327840023006
19193	0.0159379735215069
19195	0.000199086414564277
19197	0.00152632917832613
20001	0.00069680245097497
20003	0.000818466370986473
20005	0.000508776392775375
20007	0.000143784632740867
20009	0.00171435523652572
20011	0.000685742094610288
20013	0.00100649242918607
20015	0.00386006437127404
20017	0.000276508909117052
20019	0.000210146770928959
20021	0.00163693274197295
20023	0.000143784632740867
20025	0.000210146770928959
20027	0.000718923163704335
20029	0.00069680245097497
20031	0.000221207127293641
20033	9.95432072821386e-05
20035	0.00224525234203046
20037	0.00268766659661774
20039	0.000276508909117052
20041	0.0014157256146793
20043	0.000398172829128555
20045	0.0154513178414609
20047	0.000210146770928959
20049	6.63621381880924e-05
20051	0.00190238129472532
20053	0.000431353898222601
20055	0.00391536615309745
20057	0.00242221804386537
20059	0.00216782984747769
20061	0.00754316304071317
20063	0.000132724276376185
20065	5.53017818234104e-05
20067	0.000553017818234103
20069	0.000851647440080519
20071	2.21207127293641e-05
20073	0.000110603563646821
20075	0.000232267483658323
20077	0.000353931403669826
20079	0.00447944432769624
20081	0.000176965701834913
20083	0.000287569265481734
20085	0.000210146770928959
20087	0.000652561025516242
20089	0.00037605211639919
20091	0.0280711844535631
20093	0
20095	0.000530897105504739
20097	0.000608319600057514
20099	0.00126088062557376
20101	0.00032075033457578
20103	0.00585092851691681
20105	0.000121663920011503
20107	0.000165905345470231
20109	0.000420293541857919
20111	0.00216782984747769
20113	0.00349507261123953
20115	0.00119451848738566
20117	0.000807406014621791
20119	0.000221207127293641
20121	0.00134936347649121
20123	0.000774224945527745
20125	0.00319644298939312
20127	0.000188026058199595
20129	7.74224945527745e-05
20131	0.00136042383285589
20133	0.00245539911295942
20135	0.000342871047305144
20137	3.31810690940462e-05
20139	0.000575138530963468
20141	0.000165905345470231
20143	0.000409233185493237
20145	0.000674681738245606
20147	0.000309689978211098
20149	0.00170329488016104
20151	0.000929069934633294
20153	0.00026544855275237
20155	0.00683530023337352
20157	0.00134936347649121
20159	0.000486655680046011
20161	0.00585092851691681
20163	0.000309689978211098
20165	0.000176965701834913
20167	9.95432072821386e-05
20169	0.00785285301892427
20171	0.000331810690940462
20173	0.0276508909117052
20175	0.00348401225487485
20177	0.00913585435722739
20179	0.000110603563646821
20181	0.000475595323681329
20183	0.000387112472763872
20185	0.000176965701834913
20187	0
20189	0.000154844989105549
20191	0.00107285456737416
20193	0.000940130290997976
20195	0.000110603563646821
20197	0.000420293541857919
20199	4.42414254587283e-05
20201	0.000309689978211098
20203	7.74224945527745e-05
20205	0.000309689978211098
20207	0.000176965701834913
20209	0.0186035194053952
21001	0.00133830312012653
21003	0.00235585590567728
21005	0.000818466370986473
21007	0.000741043876433699
21009	0.00171435523652572
21011	0.000862707796445201
21013	0.000553017818234103
21015	0.00765376660435999
21017	0.000453474610951965
21019	0.00244433875659474
21021	0.00134936347649121
21023	0.000387112472763872
21025	2.21207127293641e-05
21027	0.00247751982568878
21029	0.00147102739650272
21031	0.000442414254587283
21033	0.00152632917832613
21035	0.00202404521473682
21037	0.00348401225487485
21039	0.000276508909117052
21041	0.00142678597104399
21043	0.000818466370986473
21045	0.00245539911295942
21047	0.0048112550186367
21049	0.00090694922190393
21051	0.00100649242918607
21053	8.84828509174566e-05
21055	0.000199086414564277
21057	0.00026544855275237
21059	0.00435778040768474
21061	0.000851647440080519
21063	0.000398172829128555
21065	5.53017818234104e-05
21067	0.0238129472531605
21069	0.000453474610951965
21071	0.000331810690940462
21073	0.00225631269839514
21075	0.000342871047305144
21077	0.000519836749140057
21079	0.000331810690940462
21081	0.00169223452379636
21083	0.00149314810923208
21085	0.00133830312012653
21087	0.000895888865539248
21089	0.00096225100372734
21091	0.000364991760034508
21093	0.00622698063331601
21095	0.00189132093836063
21097	0.000475595323681329
21099	0.000785285301892427
21101	0.00175859666198445
21103	0.000718923163704335
21105	0.00069680245097497
21107	0.00228949376748919
21109	0.00058619888732815
21111	0.0497273622156106
21113	0.00119451848738566
21115	0.000309689978211098
21117	0.00527578998595335
21119	0.000541957461869421
21121	0
21123	0.00032075033457578
21125	0.00142678597104399
21127	0.000165905345470231
21129	0.000608319600057514
21131	0.000154844989105549
21133	0.00162587238560826
21135	0.00124982026920907
21137	0.000420293541857919
21139	0.000663621381880924
21141	0.00272084766571179
21143	0.000210146770928959
21145	0.00514306570957716
21147	0.000475595323681329
21149	0.000619379956422196
21151	0.00687954165883225
21153	8.84828509174566e-05
21155	0.00147102739650272
21157	0.0011723977746563
21159	9.95432072821386e-05
21161	0.0010507338546448
21163	0.00130512205103248
21165	0.000143784632740867
21167	0.000575138530963468
21169	0.000243327840023006
21171	0.000287569265481734
21173	0.000774224945527745
21175	0
21177	0.0020351055711015
21179	0.00202404521473682
21181	0
21183	0.000718923163704335
21185	0.000984371716456704
21187	0.000210146770928959
21189	0
21191	0.000331810690940462
21193	0.00101755278555075
21195	0.00176965701834913
21197	0.000453474610951965
21199	0.00284251158572329
21201	0
21203	0.00069680245097497
21205	0.000873768152809883
21207	0.00276508909117052
21209	0.00154844989105549
21211	0.000884828509174566
21213	0.00109497528010352
21215	0.000851647440080519
21217	0.00116133741829162
21219	0.0017254155928904
21221	0.000464534967316647
21223	0.000409233185493237
21225	0.000619379956422196
21227	0.00600577350602236
21229	0.000508776392775375
21231	0.000176965701834913
21233	0.000630440312786878
21235	0.000630440312786878
21237	0.000143784632740867
21239	0.000940130290997976
22001	0.00470065145498988
22003	0.00191344165109
22005	0.00670257595699733
22007	0.00282039087299393
22009	0.00112815634919757
22011	0.00466747038589583
22013	0.000884828509174566
22015	0.0114695895501753
22017	0.0199860639509805
22019	0.0123433577029852
22021	0.00096225100372734
22023	0.000929069934633294
22025	0.0017917777310785
22027	0.00199086414564277
22029	0.00152632917832613
22031	0.00123875991284439
22033	0.0277725548317167
22035	0.000342871047305144
22037	0.00121663920011503
22039	0.00192450200745468
22041	0.00155951024742017
22043	0.00137148418922058
22045	0.00473383252408393
22047	0.0017254155928904
22049	0.00128300133830312
22051	0.0433344762368243
22053	0.0036388572439804
22055	0.0218663245329765
22057	0.0163693274197295
22059	0.00199086414564277
22061	0.00336234833486335
22063	0.0071560505679493
22065	0.000774224945527745
22067	0.00192450200745468
22069	0.00360567617488635
22071	0.0636302301660159
22073	0.00836162941169965
22075	0.00366097795670977
22077	0.0020351055711015
22079	0.0102861314191543
22081	0.00139360490194994
22083	0.000486655680046011
22085	0.00280933051662925
22087	0.00214570913474832
22089	0.00413657328039109
22091	0.00164799309833763
22093	0.000796345658257109
22095	0.00571820424054063
22097	0.00520942784776525
22099	0.000929069934633294
22101	0.00699014522247907
22103	0.0223087387875637
22105	0.0183933726344663
22107	0.000309689978211098
22109	0.0207934699656023
22111	0.00131618240739717
22113	0.00383794365854468
22115	0.00564078174598786
22117	0.00545275568778826
22119	0.00670257595699733
22121	0.00227843341112451
22123	0.000807406014621791
22125	0.000165905345470231
22127	0.00069680245097497
23001	0.0077090683861834
23003	0.0053642728368708
23005	0.0308141528320042
23007	0.00122769955647971
23009	0.00737725769524294
23011	0.0118124605974805
23013	0.00494397929501289
23015	0.00182495880017254
23017	0.00193556236381936
23019	0.01582736995786
23021	0.000541957461869421
23023	0.00286463229845266
23025	0.00256600267660624
23027	0.00411445256766173
23029	0.00115027706192694
23031	0.0154181367723668
24001	0.00251070089478283
24003	0.0358466149779346
24005	0.0501255350447391
24009	0.00384900401490936
24011	0.00713392985521994
24013	0.00588410958601086
24015	0.00423611648767323
24017	0.00621592027695132
24019	0.0033955294039574
24021	0.0112262617101523
24023	0.0020351055711015
24025	0.00971099288819086
24027	0.0109718735137646
24029	0.00247751982568878
24031	0.0683308816210058
24033	0.0443741497351045
24035	0.00214570913474832
24037	0.00505458285865971
24039	0.00171435523652572
24041	0.00204616592746618
24043	0.00976629467001427
24045	0.00810724121531196
24047	0.00497716036410693
24510	0.0644155154679084
25001	0.0154291971287315
25003	0.0111709599283289
25005	0.0247530775441585
25007	0.00401490936037959
25009	0.0681096744937122
25011	0.00585092851691681
25013	0.017254155928904
25015	0.0158937320960481
25017	0.183646157079181
25019	0.00278720980389988
25021	0.0451151936115382
25023	0.0227953944676097
25025	0.100118345813102
25027	0.0431243294658954
26001	0.000409233185493237
26003	0.000630440312786878
26005	0.00601683386238705
26007	0.00269872695298242
26009	0.00090694922190393
26011	0.000785285301892427
26013	0.000541957461869421
26015	0.00188026058199595
26017	0.00701226593520843
26019	0.000420293541857919
26021	0.00846117261898178
26023	0.00279827016026456
26025	0.00768694767345404
26027	0.00174753630561977
26029	0.0016037516728789
26031	0.00162587238560826
26033	0.00171435523652572
26035	0.00173647594925509
26037	0.0035171933239689
26039	0.000541957461869421
26041	0.00273190802207647
26043	0.00130512205103248
26045	0.00454580646588433
26047	0.0027761494475352
26049	0.0130954619357836
26051	0.000364991760034508
26053	0.000895888865539248
26055	0.00965569110636745
26057	0.00155951024742017
26059	0.00220101091657173
26061	0.00403703007310896
26063	0.00144890668377335
26065	0.0378595998363067
26067	0.00256600267660624
26069	0.00096225100372734
26071	0.000442414254587283
26073	0.0062933427715041
26075	0.0099322000154845
26077	0.01530753320872
26079	0.000785285301892427
26081	0.0371074956035083
26083	7.74224945527745e-05
26085	0.000342871047305144
26087	0.00399278864765023
26089	0.00145996704013803
26091	0.00436884076404942
26093	0.00937918219725039
26095	0.000132724276376185
26097	0.00192450200745468
26099	0.0293431254355015
26101	0.000951190647362658
26103	0.00473383252408393
26105	0.00278720980389988
26107	0.00343977082941612
26109	0.00150420846559676
26111	0.00661409310607988
26113	0.000763164589163063
26115	0.0062933427715041
26117	0.00467853074226052
26119	0.000154844989105549
26121	0.00794133586984173
26123	0.00226737305475982
26125	0.0542621083251302
26127	0.00115027706192694
26129	0.000796345658257109
26131	0.000530897105504739
26133	0.00185813986926659
26135	0.00178071737471381
26137	0.00090694922190393
26139	0.0162255427869886
26141	0.000973311360092022
26143	0.00120557884375035
26145	0.00849435368807583
26147	0.00786391337528895
26149	0.00435778040768474
26151	0.00174753630561977
26153	0.000110603563646821
26155	0.00449050468406092
26157	0.0026544855275237
26159	0.00442414254587283
26161	0.0379702033999535
26163	0.0984814130711291
26165	0.00145996704013803
27001	0.00122769955647971
27003	0.017917777310785
27005	0.00267660624025306
27007	0.00356143474942763
27009	0.00210146770928959
27011	0.000431353898222601
27013	0.00508776392775375
27015	0.002156769491113
27017	0.00279827016026456
27019	0.00391536615309745
27021	0.00231161448021855
27023	0.00106179421100948
27025	0.00309689978211098
27027	0.00568502317144658
27029	0.000364991760034508
27031	0.000309689978211098
27033	0.00151526882196144
27035	0.00381582294581531
27037	0.0230497826639974
27039	0.00100649242918607
27041	0.00318538263302844
27043	0.000840587083715837
27045	0.00195768307654873
27047	0.0026544855275237
27049	0.00249964053841815
27051	0.000541957461869421
27053	0.170904626547067
27055	0.000718923163704335
27057	0.00106179421100948
27059	0.00328492584031057
27061	0.00331810690940462
27063	0.000796345658257109
27065	0.00143784632740867
27067	0.0028978133675467
27069	0.000232267483658323
27071	0.0020351055711015
27073	0.000342871047305144
27075	0.000663621381880924
27077	6.63621381880924e-05
27079	0.00158163096014954
27081	0.000409233185493237
27083	0.00213464877838364
27085	0.0049992810768363
27087	0.000132724276376185
27089	0.000763164589163063
27091	0.00223419198566578
27093	0.00167011381106699
27095	0.00310796013847566
27097	0.00183601915653722
27099	0.00465641002953115
27101	0.000519836749140057
27103	0.00298629621846416
27105	0.00373840045126254
27107	0.000431353898222601
27109	0.0128742548084899
27111	0.00348401225487485
27113	0.00235585590567728
27115	0.00199086414564277
27117	0.000685742094610288
27119	0.00241115768750069
27121	0.000796345658257109
27123	0.0450930728988088
27125	9.95432072821386e-05
27127	0.000785285301892427
27129	0.00120557884375035
27131	0.00747680090252508
27133	0.00100649242918607
27135	0.00110603563646821
27137	0.0141461957904284
27139	0.00914691471359207
27141	0.00494397929501289
27143	0.000519836749140057
27145	0.0101312864300488
27147	0.00316326192029907
27149	0.00182495880017254
27151	0.000752104232798381
27153	0.00171435523652572
27155	0.00037605211639919
27157	0.00185813986926659
27159	0.00058619888732815
27161	0.000840587083715837
27163	0.0127747116012078
27165	0.000475595323681329
27167	0.000254388196387688
27169	0.00885934544811034
27171	0.00578456637872872
27173	0.000741043876433699
28001	0.00126088062557376
28003	0.00167011381106699
28005	0
28007	0.00111709599283289
28009	0
28011	0.000763164589163063
28013	0.000940130290997976
28015	0.000630440312786878
28017	0.000685742094610288
28019	0.000453474610951965
28021	0.000143784632740867
28023	0.00282039087299393
28025	0.000652561025516242
28027	0.00103967349828011
28029	0.00069680245097497
28031	0.00165905345470231
28033	0.00861601760808733
28035	0.00878192295355756
28037	0.000895888865539248
28039	0.00100649242918607
28041	0.000431353898222601
28043	0.00154844989105549
28045	0.00220101091657173
28047	0.011513830975634
28049	0.0113921670556225
28051	0.000663621381880924
28053	0.000331810690940462
28055	0.000276508909117052
28057	0.000829526727351155
28059	0.00983265680820236
28061	0.000829526727351155
28063	3.31810690940462e-05
28065	0.00147102739650272
28067	0.00288675301118202
28069	0.00116133741829162
28071	0.00384900401490936
28073	0.00299735657482884
28075	0.00452368575315497
28077	0.00116133741829162
28079	0.00115027706192694
28081	0.00115027706192694
28083	0.00116133741829162
28085	0.00242221804386537
28087	0.00238903697477133
28089	0.00496610000774225
28091	0.00194662272018404
28093	0.00153738953469081
28095	0.0010507338546448
28097	0.000276508909117052
28099	0.00186920022563127
28101	0.000807406014621791
28103	0.000165905345470231
28105	0.00390430579673277
28107	0.00184707951290191
28109	0.00272084766571179
28111	0.000785285301892427
28113	0.00658091203698583
28115	0.00193556236381936
28117	0.000829526727351155
28119	0
28121	0.00868237974627543
28123	0.00190238129472532
28125	0
28127	0.00247751982568878
28129	0.00139360490194994
28131	0.00168117416743167
28133	0.000442414254587283
28135	0.000221207127293641
28137	0.000530897105504739
28139	0.00145996704013803
28141	0.000840587083715837
28143	0.000785285301892427
28145	0.00188026058199595
28147	0.00207934699656023
28149	0.00356143474942763
28151	0.00171435523652572
28153	0.00221207127293641
28155	0.0012940616946678
28157	3.31810690940462e-05
28159	0.000431353898222601
28161	0.000486655680046011
28163	0.000729983520069017
29001	0.00149314810923208
29003	0.000652561025516242
29005	0.000176965701834913
29007	0.00212358842201896
29009	0.00153738953469081
29011	0.000409233185493237
29013	0.000729983520069017
29015	0.000685742094610288
29017	0.000564078174598786
29019	0.0166458363288465
29021	0.00596153208056364
29023	0.00202404521473682
29025	0.000497716036410693
29027	0.00194662272018404
29029	0.0039485472221915
29031	0.00600577350602236
29033	0.000575138530963468
29035	0.000387112472763872
29037	0.00403703007310896
29039	0.00069680245097497
29041	0.000309689978211098
29043	0.0061716788514926
29045	0.000752104232798381
29047	0.00985477752093173
29049	0.00113921670556225
29051	0.00575138530963468
29053	0.00110603563646821
29055	0.000619379956422196
29057	0.000674681738245606
29059	0.000796345658257109
29061	0.000851647440080519
29063	0.00112815634919757
29065	0.00232267483658323
29067	0.000851647440080519
29069	0.0014157256146793
29071	0.00247751982568878
29073	0.000763164589163063
29075	0.000774224945527745
29077	0.0211805824383662
29079	0.00123875991284439
29081	0.000464534967316647
29083	0.000763164589163063
29085	0.00069680245097497
29087	7.74224945527745e-05
29089	0.000541957461869421
29091	0.0025881233893356
29093	0.000619379956422196
29095	0.0494397929501289
29097	0.00859389689535797
29099	0.00754316304071317
29101	0.00235585590567728
29103	0.000575138530963468
29105	0.00285357194208797
29107	0.00439096147677878
29109	0.00102861314191543
29111	0.000442414254587283
29113	0.0017254155928904
29115	0.00103967349828011
29117	0.00103967349828011
29119	0.00247751982568878
29121	0.00102861314191543
29123	5.53017818234104e-05
29125	0.000221207127293641
29127	0.00269872695298242
29129	9.95432072821386e-05
29131	0.00355037439306294
29133	0.000364991760034508
29135	0.000995432072821386
29137	0.000630440312786878
29139	0.000254388196387688
29141	0.00159269131651422
29143	0.000497716036410693
29145	0.00492185858228352
29147	0.00149314810923208
29149	0.000851647440080519
29151	0.000353931403669826
29153	0.000143784632740867
29155	0.000420293541857919
29157	0.000873768152809883
29159	0.00186920022563127
29161	0.00377158152035659
29163	0.00195768307654873
29165	0.00633758419696283
29167	0.00175859666198445
29169	0.00432459933859069
29171	0
29173	0.000409233185493237
29175	0.00261024410206497
29177	0.00121663920011503
29179	0.000895888865539248
29181	0.00032075033457578
29183	0.0175970269762092
29185	0.000718923163704335
29186	0.000387112472763872
29187	0.0039485472221915
29189	0.0586751905146384
29195	0.00167011381106699
29197	0.000309689978211098
29199	0.000508776392775375
29201	0.00164799309833763
29203	0.000895888865539248
29205	0.000453474610951965
29207	0.00175859666198445
29209	0.000663621381880924
29211	0.000508776392775375
29213	0.000918009578268612
29215	0.000829526727351155
29217	0.00161481202924358
29219	0.000652561025516242
29221	0.00151526882196144
29223	0.00123875991284439
29225	0.00221207127293641
29227	0.000132724276376185
29229	0.00064150066915156
29510	0.0310796013847566
30001	0.000796345658257109
30003	0.000752104232798381
30005	0.000420293541857919
30007	0.00142678597104399
30009	0.0014157256146793
30011	3.31810690940462e-05
30013	0.0084501122626171
30015	0.000475595323681329
30017	0.00118345813102098
30019	4.42414254587283e-05
30021	0.00106179421100948
30023	0.000475595323681329
30025	2.21207127293641e-05
30027	0.000718923163704335
30029	0.00984371716456704
30031	0.0229502394567153
30033	9.95432072821386e-05
30035	0.000188026058199595
30037	1.10603563646821e-05
30039	0.000188026058199595
30041	0.00149314810923208
30043	0.000785285301892427
30045	4.42414254587283e-05
30047	0.00158163096014954
30049	0.00995432072821386
30051	0.000210146770928959
30053	0.00200192450200745
30055	3.31810690940462e-05
30057	0.000918009578268612
30059	0.000519836749140057
30061	7.74224945527745e-05
30063	0.0306924889119927
30065	0.000741043876433699
30067	0.00262130445842965
30069	8.84828509174566e-05
30071	0.00032075033457578
30073	0.000442414254587283
30075	0.000221207127293641
30077	0.000309689978211098
30079	8.84828509174566e-05
30081	0.00366097795670977
30083	0.000530897105504739
30085	0.000431353898222601
30087	0.000929069934633294
30089	0.000453474610951965
30091	0.000154844989105549
30093	0.00325174477121653
30095	0.0012940616946678
30097	0.000464534967316647
30099	0.000309689978211098
30101	0.00037605211639919
30103	3.31810690940462e-05
30105	0.000188026058199595
30107	0.000176965701834913
30109	0
30111	0.0143231614922633
31001	0.00121663920011503
31003	0.000409233185493237
31005	3.31810690940462e-05
31007	0
31009	0
31011	0.000232267483658323
31013	0.000685742094610288
31015	4.42414254587283e-05
31017	0
31019	0.00434672005132005
31021	6.63621381880924e-05
31023	0.000287569265481734
31025	0.00204616592746618
31027	0.000741043876433699
31029	0.000387112472763872
31031	0.000453474610951965
31033	0.000530897105504739
31035	0.000707862807339652
31037	0.00101755278555075
31039	0.000420293541857919
31041	0.00106179421100948
31043	0.00480019466227202
31045	0.00124982026920907
31047	0.00232267483658323
31049	0.000199086414564277
31051	0.000132724276376185
31053	0.00211252806565428
31055	0.0290555561700198
31057	0.000298629621846416
31059	0.000398172829128555
31061	0.000276508909117052
31063	0.000309689978211098
31065	0.000287569265481734
31067	0.000774224945527745
31069	0.000298629621846416
31071	0.000464534967316647
31073	0.000121663920011503
31075	5.53017818234104e-05
31077	0.000143784632740867
31079	0.00368309866943913
31081	0.00115027706192694
31083	0.00032075033457578
31085	0
31087	0.00037605211639919
31089	0.000564078174598786
31091	4.42414254587283e-05
31093	0.000364991760034508
31095	0.000530897105504739
31097	9.95432072821386e-05
31099	0.000453474610951965
31101	0.00182495880017254
31103	3.31810690940462e-05
31105	0
31107	0.000154844989105549
31109	0.0335681815668101
31111	0.00244433875659474
31113	2.21207127293641e-05
31115	1.10603563646821e-05
31117	0
31119	0.0014157256146793
31121	0.00037605211639919
31123	0.000398172829128555
31125	0.000298629621846416
31127	0.000210146770928959
31129	5.53017818234104e-05
31131	0.00116133741829162
31133	0.000276508909117052
31135	0.000287569265481734
31137	0.000752104232798381
31139	0.000165905345470231
31141	0.00169223452379636
31143	0.000464534967316647
31145	0.000619379956422196
31147	8.84828509174566e-05
31149	4.42414254587283e-05
31151	0.00164799309833763
31153	0.00877086259719288
31155	0.00126088062557376
31157	0.00247751982568878
31159	0.00128300133830312
31161	0.000232267483658323
31163	5.53017818234104e-05
31165	5.53017818234104e-05
31167	0.000132724276376185
31169	4.42414254587283e-05
31171	0.000188026058199595
31173	0.000420293541857919
31175	0.000453474610951965
31177	0.000729983520069017
31179	0.000840587083715837
31181	0.00037605211639919
31183	1.10603563646821e-05
31185	0.00171435523652572
32001	0.00151526882196144
32003	0.191310984039906
32005	0.00454580646588433
32007	0.00361673653125104
32009	0.000553017818234103
32011	8.84828509174566e-05
32013	0.000984371716456704
32015	0.000409233185493237
32017	9.95432072821386e-05
32019	0.00412551292402641
32021	0.000685742094610288
32023	0.00256600267660624
32027	0
32029	0
32031	0.055069514339752
32033	0.00120557884375035
32510	0.00616061849512791
33001	0.00262130445842965
33003	0.00452368575315497
33005	0.00502140178956566
33007	0.00266554588388838
33009	0.0131175826485129
33011	0.0200634864455333
33013	0.0127968323139372
33015	0.0192228993618174
33017	0.00611637706966918
33019	0.00444626325860219
34001	0.0245871721986882
34003	0.0723679116941148
34005	0.0256821474787918
34007	0.0312786877993209
34009	0.0142789200668046
34011	0.0163803877760941
34013	0.0748564918761682
34015	0.0164356895579176
34017	0.047415747735392
34019	0.00619379956422196
34021	0.0463871345934766
34023	0.0724674549013969
34025	0.0554013250306925
34027	0.0294758497118777
34029	0.0345083118578081
34031	0.085441252917169
34033	0.00237797661840664
34035	0.0267550020461659
34037	0.0104077953391658
34039	0.186687755079469
34041	0.00387112472763872
35001	0.0788492805238185
35003	9.95432072821386e-05
35005	0.00420293541857919
35006	0.000210146770928959
35007	0.00124982026920907
35009	0.00362779688761572
35011	0.000276508909117052
35013	0.0153738953469081
35015	0.00345083118578081
35017	0.000807406014621791
35019	0
35021	1.10603563646821e-05
35023	6.63621381880924e-05
35025	0.00497716036410693
35027	0.000486655680046011
35028	0.0032075033457578
35029	0.00184707951290191
35031	0.00360567617488635
35033	0.0014820877528674
35035	0.00372734009489786
35037	0.000575138530963468
35039	0.00288675301118202
35041	0.00165905345470231
35043	0.0123212369902558
35045	0.00530897105504739
35047	0.00169223452379636
35049	0.0191344165109
35051	0.000199086414564277
35053	0.00212358842201896
35055	0.00263236481479433
35057	0.000497716036410693
35059	0.000453474610951965
35061	0.00506564321502439
36001	0.0247198964750644
36003	0.00409233185493237
36005	0.0958932896817935
36007	0.0137701436740292
36009	0.00535321248050612
36011	0.00357249510579231
36013	0.0118456416665745
36015	0.00612743742603387
36017	0.0023447955493126
36019	0.0128410737393959
36021	0.00278720980389988
36023	0.00322962405848716
36025	0.00183601915653722
36027	0.0158384303142247
36029	0.067943769148242
36031	0.00690166237156161
36033	0.00348401225487485
36035	0.00338446904759271
36037	0.00554123853870572
36039	0.00929069934633294
36041	0.000331810690940462
36043	0.00294205479300543
36045	0.00847223297534647
36047	0.264375698184996
36049	0.000995432072821386
36051	0.00347295189851017
36053	0.00414763363675578
36055	0.0480351276918142
36057	0.00527578998595335
36059	0.0757191996726135
36061	0.455067302268479
36063	0.00958932896817936
36065	0.0120115470120447
36067	0.0308805149701923
36069	0.00624910134604537
36071	0.0364881156470862
36073	0.00244433875659474
36075	0.00658091203698583
36077	0.0027761494475352
36079	0.00538639354960017
36081	0.168371804939555
36083	0.00788603408801832
36085	0.0203621160673797
36087	0.0240120336677248
36089	0.00961144968090872
36091	0.0128631944521252
36093	0.00961144968090872
36095	0.00267660624025306
36097	0.00116133741829162
36099	0.00213464877838364
36101	0.00686848130246757
36103	0.0942231758707266
36105	0.00369415902580381
36107	0.00238903697477133
36109	0.00944554433543849
36111	0.0103524935573424
36113	0.00514306570957716
36115	0.00313008085120503
36117	0.00373840045126254
36119	0.0936590976961278
36121	0.00319644298939312
36123	0.00331810690940462
37001	0.00631546348423346
37003	0.000553017818234103
37005	0.000608319600057514
37007	0.000453474610951965
37009	0.000453474610951965
37011	0.000796345658257109
37013	0.00328492584031057
37015	0.00100649242918607
37017	0.00108391492373884
37019	0.0069680245097497
37021	0.0157831285324013
37023	0.00361673653125104
37025	0.00754316304071317
37027	0.00402596971674427
37029	0.000309689978211098
37031	0.00732195591341953
37033	0.000829526727351155
37035	0.00697908486611439
37037	0.00613849778239855
37039	0.000940130290997976
37041	0.00206828664019555
37043	0.00032075033457578
37045	0.00278720980389988
37047	0.0017917777310785
37049	0.0100317432227666
37051	0.0206054439074027
37053	0.00175859666198445
37055	0.00467853074226052
37057	0.00591729065510491
37059	0.00109497528010352
37061	0.00264342517115901
37063	0.0284140555008682
37065	0.00369415902580381
37067	0.0283255726499508
37069	0.00273190802207647
37071	0.0069680245097497
37073	0.00123875991284439
37075	0
37077	0.00205722628383087
37079	0.000984371716456704
37081	0.0292325218718547
37083	0.00256600267660624
37085	0.00616061849512791
37087	0.0033955294039574
37089	0.00461216860407242
37091	0.000951190647362658
37093	0.00476701359317797
37095	0.00132724276376185
37097	0.00898100936812184
37099	0.00270978730934711
37101	0.0154181367723668
37103	0.000796345658257109
37105	0.00486655680046011
37107	0.00240009733113601
37109	0.00362779688761572
37111	0.00152632917832613
37113	0.000774224945527745
37115	0.000188026058199595
37117	0.00123875991284439
37119	0.0525035116631458
37121	0.000331810690940462
37123	0.00110603563646821
37125	0.00560760067689381
37127	0.00472277216771924
37129	0.0237576454713371
37131	0.000807406014621791
37133	0.0177850530344088
37135	0.0240009733113601
37137	0.00150420846559676
37139	0.0058619888732815
37141	0.00233373519294792
37143	0.00279827016026456
37145	0.00402596971674427
37147	0.0126088062557376
37149	0.00032075033457578
37151	0.00380476258945063
37153	0.000553017818234103
37155	0.0056739628150819
37157	0.00223419198566578
37159	0.00669151560063265
37161	0.00238903697477133
37163	0.00305265835665225
37165	0.00120557884375035
37167	0.00321856370212248
37169	0.00249964053841815
37171	0.00326280512758121
37173	7.74224945527745e-05
37175	0.00291993408027607
37177	3.31810690940462e-05
37179	0.0095008461172619
37181	0.00158163096014954
37183	0.07323061949056
37185	0.000132724276376185
37187	0.00100649242918607
37189	0.00294205479300543
37191	0.00485549644409543
37193	0.00128300133830312
37195	0.00700120557884375
37197	0.00324068441485185
37199	0.00064150066915156
38001	3.31810690940462e-05
38003	0.000796345658257109
38005	0.000364991760034508
38007	6.63621381880924e-05
38009	0.000564078174598786
38011	0.000210146770928959
38013	0.000176965701834913
38015	0.00475595323681329
38017	0.016734319179764
38019	0.000276508909117052
38021	0.000331810690940462
38023	7.74224945527745e-05
38025	0.000331810690940462
38027	0.000243327840023006
38029	0.000420293541857919
38031	0.000309689978211098
38033	0
38035	0.00926857863360358
38037	0.000188026058199595
38039	0.000210146770928959
38041	8.84828509174566e-05
38043	7.74224945527745e-05
38045	0.000409233185493237
38047	9.95432072821386e-05
38049	0.000453474610951965
38051	0.000176965701834913
38053	0.000829526727351155
38055	8.84828509174566e-05
38057	0.000796345658257109
38059	0.00170329488016104
38061	0.000486655680046011
38063	0.000154844989105549
38065	0.000188026058199595
38067	0.000364991760034508
38069	0.000475595323681329
38071	0.00121663920011503
38073	5.53017818234104e-05
38075	8.84828509174566e-05
38077	0.000475595323681329
38079	0.000387112472763872
38081	0.000486655680046011
38083	6.63621381880924e-05
38085	0.000287569265481734
38087	0
38089	0.00180283808744318
38091	0.000176965701834913
38093	0.00149314810923208
38095	0.000254388196387688
38097	0.000475595323681329
38099	0.000387112472763872
38101	0.00476701359317797
38103	0.00026544855275237
38105	0.00329598619667526
39001	0.00216782984747769
39003	0.00561866103325849
39005	0.00327386548394589
39007	0.0049992810768363
39009	0.00403703007310896
39011	0.00413657328039109
39013	0.00207934699656023
39015	0.0017254155928904
39017	0.0195768307654873
39019	0.000608319600057514
39021	0.00205722628383087
39023	0.00347295189851017
39025	0.00439096147677878
39027	0.00358355546215699
39029	0.00572926459690531
39031	0.00331810690940462
39033	0.00335128797849867
39035	0.0686958733810403
39037	0.00170329488016104
39039	0.00267660624025306
39041	0.00736619733887826
39043	0.00842799154988774
39045	0.00870450045900479
39047	0.00145996704013803
39049	0.0935153130633869
39051	0.00398172829128555
39053	0.000873768152809883
39055	0.0066030327497152
39057	0.00884828509174566
39059	0.00138254454558526
39061	0.0357360114142878
39063	0.00433565969495537
39065	0.00291993408027607
39067	0.000652561025516242
39069	0.00176965701834913
39071	0.00167011381106699
39073	0.000984371716456704
39075	0.0177629323216794
39077	0.00372734009489786
39079	0.000829526727351155
39081	0.00165905345470231
39083	0.00387112472763872
39085	0.0113589859865285
39087	0.00122769955647971
39089	0.00889252651720438
39091	0.00383794365854468
39093	0.0176965701834913
39095	0.0193445632818289
39097	0.00149314810923208
39099	0.014090894008605
39101	0.00259918374570029
39103	0.00889252651720438
39105	0.00101755278555075
39107	0.00185813986926659
39109	0.00318538263302844
39111	0.000431353898222601
39113	0.0308141528320042
39115	0.000530897105504739
39117	0.00130512205103248
39119	0.00150420846559676
39121	0.000176965701834913
39123	0.00301947728755821
39125	0.000276508909117052
39127	0.00153738953469081
39129	0.00162587238560826
39131	0.00096225100372734
39133	0.00785285301892427
39135	0.00164799309833763
39137	0.000973311360092022
39139	0.00361673653125104
39141	0.00338446904759271
39143	0.00380476258945063
39145	0.00249964053841815
39147	0.00380476258945063
39149	0.00130512205103248
39151	0.012210633426609
39153	0.0182385276453607
39155	0.0120779091502328
39157	0.00977735502637895
39159	0.00170329488016104
39161	0.00162587238560826
39163	8.84828509174566e-05
39165	0.0064150066915156
39167	0.00140466525831462
39169	0.00908055257540398
39171	0.00282039087299393
39173	0.0104630971209892
39175	0.00127194098193844
40001	0.000409233185493237
40003	0.000353931403669826
40005	0.000829526727351155
40007	0.00026544855275237
40009	0.00118345813102098
40011	0.000718923163704335
40013	0.00505458285865971
40015	0.000718923163704335
40017	0.0077090683861834
40019	0.00310796013847566
40021	0.00243327840023006
40023	0.00220101091657173
40025	0.000276508909117052
40027	0.0245871721986882
40029	0.000232267483658323
40031	0.0176633891143973
40033	0.000475595323681329
40035	0.0010507338546448
40037	0.00317432227666375
40039	0.00153738953469081
40041	0.00321856370212248
40043	0.000221207127293641
40045	5.53017818234104e-05
40047	0.0049992810768363
40049	0.000995432072821386
40051	0.00330704655303994
40053	0.000398172829128555
40055	0.000309689978211098
40057	0.000442414254587283
40059	0.000342871047305144
40061	0.000243327840023006
40063	0.000342871047305144
40065	0.00403703007310896
40067	0.000254388196387688
40069	4.42414254587283e-05
40071	0.0026544855275237
40073	0.00238903697477133
40075	0.000364991760034508
40077	0.000718923163704335
40079	0.00424717684403792
40081	0.00127194098193844
40083	0.00378264187672127
40085	0.000342871047305144
40087	0.0022231316293011
40089	0.00140466525831462
40091	0.000353931403669826
40093	0.00124982026920907
40095	0.00190238129472532
40097	0.00185813986926659
40099	0.000353931403669826
40101	0.00473383252408393
40103	0.000431353898222601
40105	0.000364991760034508
40107	0.000840587083715837
40109	0.046895910986252
40111	0.00267660624025306
40113	0.00209040735292491
40115	0.00154844989105549
40117	0.00170329488016104
40119	0.0116907966774689
40121	0.00109497528010352
40123	0.0039485472221915
40125	0.00444626325860219
40127	0.000132724276376185
40129	0.000309689978211098
40131	0.00472277216771924
40133	0.00131618240739717
40135	0.00157057060378485
40137	0.00315220156393439
40139	0.000387112472763872
40141	0.00121663920011503
40143	0.0462433499607357
40145	0.00374946080762722
40147	0.00399278864765023
40149	0.000431353898222601
40151	0.000420293541857919
40153	0.00185813986926659
41001	0.0026544855275237
41003	0.0358466149779346
41005	0.0255604835587803
41007	0.00329598619667526
41009	0.00143784632740867
41011	0.00547487640051762
41013	0.00151526882196144
41015	0.000707862807339652
41017	0.0195657704091226
41019	0.0121332109320562
41021	0.000342871047305144
41023	0.000752104232798381
41025	0.000309689978211098
41027	0.00349507261123953
41029	0.0233815933549379
41031	0.00248858018205347
41033	0.00695696415338502
41035	0.00651454989879774
41037	0.000884828509174566
41039	0.0935595544888456
41041	0.00273190802207647
41043	0.0119230641611273
41045	0.00240009733113601
41047	0.0333580347958811
41049	0.000121663920011503
41051	0.246435800161481
41053	0.00596153208056364
41055	6.63621381880924e-05
41057	0.00210146770928959
41059	0.00414763363675578
41061	0.00245539911295942
41063	0.00151526882196144
41065	0.00174753630561977
41067	0.0549257297070112
41069	9.95432072821386e-05
41071	0.00839481048079369
42001	0.00670257595699733
42003	0.0854965546989924
42005	0.00334022762213399
42007	0.00731089555705485
42009	0.00314114120756971
42011	0.027794675544446
42013	0.00941236326634444
42015	0.00439096147677878
42017	0.0277393737626226
42019	0.00724453341886676
42021	0.0112152013537876
42023	2.21207127293641e-05
42025	0.00455686682224901
42027	0.0244655082786767
42029	0.0281486069481159
42031	0.00212358842201896
42033	0.0041918750622145
42035	0.00162587238560826
42037	0.00261024410206497
42039	0.0074657405461604
42041	0.0126530476811963
42043	0.0205059007001206
42045	0.0273190802207647
42047	0.000840587083715837
42049	0.0170882505834338
42051	0.00680211916427947
42053	0.000353931403669826
42055	0.00659197239335051
42057	0.000774224945527745
42059	0.00058619888732815
42061	0.00466747038589583
42063	0.00449050468406092
42065	0.00191344165109
42067	0.00090694922190393
42069	0.00815148264077069
42071	0.0570603784853948
42073	0.00413657328039109
42075	0.00785285301892427
42077	0.0135710572594649
42079	0.0117903398847511
42081	0.00793027551347704
42083	0.00188026058199595
42085	0.00602789421875173
42087	0.00317432227666375
42089	0.00585092851691681
42091	0.0351387521705949
42093	0.00069680245097497
42095	0.00837268976806433
42097	0.00783073230619491
42099	0.00201298485837214
42101	0.203477376041056
42103	0.00128300133830312
42105	0.000895888865539248
42107	0.00432459933859069
42109	0.00386006437127404
42111	0.00361673653125104
42113	0.000685742094610288
42115	0.00178071737471381
42117	0.00178071737471381
42119	0.00517624677867121
42121	0.00249964053841815
42123	0.00268766659661774
42125	0.0105847610410007
42127	0.00174753630561977
42129	0.0127968323139372
42131	0.000995432072821386
42133	0.0287679869045381
44001	0.00173647594925509
44003	0.00648136882970369
44005	0.00954508754272063
44007	0.0599360711402121
44009	0.00560760067689381
45001	0.000519836749140057
45003	0.00879298330992224
45005	0.000309689978211098
45007	0.00860495725172265
45009	0.000464534967316647
45011	0.000442414254587283
45013	0.0240673354495482
45015	0.0108723303064825
45017	0.00349507261123953
45019	0.0449935296915267
45021	0.00286463229845266
45023	0.00204616592746618
45025	0.00364991760034508
45027	0.00357249510579231
45029	0.00224525234203046
45031	0.00474489288044861
45033	0.00058619888732815
45035	0.0083284483426056
45037	0.00096225100372734
45039	0.00101755278555075
45041	0.00911373364449802
45043	0.00596153208056364
45045	0.0238682490349839
45047	0.000752104232798381
45049	0.000530897105504739
45051	0.0289338922500083
45053	0.00130512205103248
45055	0.00266554588388838
45057	0.00564078174598786
45059	0.00232267483658323
45061	0.000431353898222601
45063	0.0439870372623406
45065	5.53017818234104e-05
45067	0.00175859666198445
45069	0.00123875991284439
45071	0.00142678597104399
45073	0.0039485472221915
45075	0.00658091203698583
45077	0.00600577350602236
45079	0.04592259962616
45081	0.00113921670556225
45083	0.00954508754272063
45085	0.00663621381880924
45087	0.00132724276376185
45089	0.00111709599283289
45091	0.012210633426609
46003	7.74224945527745e-05
46005	0.0024664594693241
46007	7.74224945527745e-05
46009	0.00069680245097497
46011	0.00764270624799531
46013	0.00380476258945063
46015	0.000597259243692832
46017	5.53017818234104e-05
46019	0.000785285301892427
46021	2.21207127293641e-05
46023	0.000918009578268612
46025	6.63621381880924e-05
46027	0.00325174477121653
46029	0.00188026058199595
46031	0.000210146770928959
46033	0.000674681738245606
46035	0.00269872695298242
46037	0.000652561025516242
46039	0.000387112472763872
46041	0.000796345658257109
46043	0.000121663920011503
46045	0.000685742094610288
46047	0.000442414254587283
46049	0.000132724276376185
46051	0.000387112472763872
46053	0.000254388196387688
46055	0.000176965701834913
46057	0.000420293541857919
46059	0.000176965701834913
46061	0.000475595323681329
46063	0.000121663920011503
46065	0.00154844989105549
46067	0.00110603563646821
46069	0.000132724276376185
46071	0
46073	7.74224945527745e-05
46075	0
46077	0.00026544855275237
46079	0.000464534967316647
46081	0.00306371871301693
46083	0.00237797661840664
46085	0.000154844989105549
46087	0.000165905345470231
46089	0.000564078174598786
46091	6.63621381880924e-05
46093	0.00284251158572329
46095	3.31810690940462e-05
46097	0.000176965701834913
46099	0.017917777310785
46101	0.000553017818234103
46103	0.00786391337528895
46105	0.00032075033457578
46107	0.000188026058199595
46109	0.000774224945527745
46111	0.000132724276376185
46113	0.000752104232798381
46115	0.000652561025516242
46117	0.000188026058199595
46119	3.31810690940462e-05
46121	0.000453474610951965
46123	0.000409233185493237
46125	0.00069680245097497
46127	0.00106179421100948
46129	5.53017818234104e-05
46135	0.00147102739650272
46137	0.00026544855275237
47001	0.00562972138962317
47003	0.00115027706192694
47005	0.00171435523652572
47007	0.000508776392775375
47009	0.00530897105504739
47011	0.00984371716456704
47013	0.00200192450200745
47015	0.00110603563646821
47017	0.00144890668377335
47019	0.00321856370212248
47021	0.00228949376748919
47023	0.00102861314191543
47025	0.00232267483658323
47027	8.84828509174566e-05
47029	0.000796345658257109
47031	0.00224525234203046
47033	0.000254388196387688
47035	0.00267660624025306
47037	0.0460885049716302
47039	0.000165905345470231
47041	0.000431353898222601
47043	0.00191344165109
47045	0.00245539911295942
47047	0.00165905345470231
47049	0.000553017818234103
47051	0.00175859666198445
47053	0.00175859666198445
47055	0.000796345658257109
47057	0.000564078174598786
47059	0.00245539911295942
47061	0.000143784632740867
47063	0.00537533319323549
47065	0.0214239102783892
47067	0.000475595323681329
47069	0.000895888865539248
47071	0.000774224945527745
47073	0.0010507338546448
47075	0.00112815634919757
47077	0.000984371716456704
47079	0.0011723977746563
47081	0.00090694922190393
47083	0.000619379956422196
47085	0.00032075033457578
47087	0.000387112472763872
47089	0.00149314810923208
47091	0.000221207127293641
47093	0.0252286728678398
47095	0.000188026058199595
47097	0.000796345658257109
47099	0.00225631269839514
47101	3.31810690940462e-05
47103	0.000707862807339652
47105	0.00168117416743167
47107	0.00096225100372734
47109	0.00123875991284439
47111	0.000895888865539248
47113	0.00624910134604537
47115	0.000763164589163063
47117	0.00263236481479433
47119	0.00341765011668676
47121	0.000409233185493237
47123	0.00137148418922058
47125	0.00942342362270912
47127	0.000420293541857919
47129	0.00189132093836063
47131	0.0014157256146793
47133	0.000508776392775375
47135	0.00026544855275237
47137	0.000154844989105549
47139	8.84828509174566e-05
47141	0.00204616592746618
47143	0.00119451848738566
47145	0.00243327840023006
47147	0.00306371871301693
47149	0.0155287403360136
47151	0.00122769955647971
47153	0.000541957461869421
47155	0.00403703007310896
47157	0.0494840343755876
47159	0.000663621381880924
47161	0.00227843341112451
47163	0.00527578998595335
47165	0.00664727417517392
47167	0.00259918374570029
47169	0.000541957461869421
47171	0.00151526882196144
47173	0.00058619888732815
47175	0.000729983520069017
47177	0.00158163096014954
47179	0.00929069934633294
47181	0.000143784632740867
47183	0.00178071737471381
47185	0.00123875991284439
47187	0.00999856215367259
47189	0.00508776392775375
48001	0.00159269131651422
48003	0.00151526882196144
48005	0.00786391337528895
48007	0.00152632917832613
48009	0.000309689978211098
48011	0.000121663920011503
48013	0.0012940616946678
48015	0.00253282160751219
48017	0.000276508909117052
48019	0.00058619888732815
48021	0.00519836749140057
48023	0.000221207127293641
48025	0.00185813986926659
48027	0.0247309568314291
48029	0.123864930928075
48031	0.000796345658257109
48033	4.42414254587283e-05
48035	0.000785285301892427
48037	0.00788603408801832
48039	0.0275955891298818
48041	0.0289560129627377
48043	0.00189132093836063
48045	1.10603563646821e-05
48047	0
48049	0.00195768307654873
48051	0.00106179421100948
48053	0.00221207127293641
48055	0.00190238129472532
48057	0.000729983520069017
48059	0.00037605211639919
48061	0.033745147268645
48063	0.000464534967316647
48065	0.000553017818234103
48067	0.00182495880017254
48069	0.000519836749140057
48071	0.00255494232024156
48073	0.00319644298939312
48075	0.000165905345470231
48077	0.000387112472763872
48079	0.000232267483658323
48081	0.000132724276376185
48083	0.000176965701834913
48085	0.0777543052437149
48087	0.00032075033457578
48089	0.000951190647362658
48091	0.00944554433543849
48093	0.000995432072821386
48095	0
48097	0.00206828664019555
48099	0.00412551292402641
48101	0.000132724276376185
48103	0.000232267483658323
48105	0.000409233185493237
48107	0.000818466370986473
48109	0.000763164589163063
48111	0.00377158152035659
48113	0.183535553515534
48115	0.00111709599283289
48117	0.000652561025516242
48119	5.53017818234104e-05
48121	0.0494950947319523
48123	0.00130512205103248
48125	0.000132724276376185
48127	0.000663621381880924
48129	0.000387112472763872
48131	0.00064150066915156
48133	0.000619379956422196
48135	0.00494397929501289
48137	0.000718923163704335
48139	0.00541957461869421
48141	0.102186632453298
48143	0.00165905345470231
48145	0.00111709599283289
48147	0.00170329488016104
48149	0.0030858394257463
48151	0.000398172829128555
48153	0
48155	0
48157	0.0286463229845266
48159	0.000431353898222601
48161	0.00064150066915156
48163	0.00205722628383087
48165	0.0020351055711015
48167	0.0493734308119408
48169	0.000165905345470231
48171	0.00169223452379636
48173	4.42414254587283e-05
48175	0.000298629621846416
48177	0.000796345658257109
48179	0.000840587083715837
48181	0.00806299978985323
48183	0.0146992136086625
48185	0.00155951024742017
48187	0.00818466370986473
48189	0.00149314810923208
48191	0.000188026058199595
48193	0.000298629621846416
48195	0.000774224945527745
48197	0.000774224945527745
48199	0.00358355546215699
48201	0.415780916461128
48203	0.00300841693119352
48205	0.000497716036410693
48207	0.000132724276376185
48209	0.00806299978985323
48211	0.000464534967316647
48213	0.00189132093836063
48215	0.130501144746884
48217	0.00207934699656023
48219	0.000951190647362658
48221	0.00200192450200745
48223	0.00181389844380786
48225	0.00173647594925509
48227	0.00280933051662925
48229	0.00064150066915156
48231	0.00557441960779976
48233	0.00180283808744318
48235	0.000276508909117052
48237	0.000674681738245606
48239	0.00026544855275237
48241	0.00264342517115901
48243	0.000254388196387688
48245	0.0145333082631922
48247	0.000331810690940462
48249	0.00346189154214549
48251	0.0107396060301063
48253	0.00130512205103248
48255	0.000564078174598786
48257	0.00431353898222601
48259	0.00144890668377335
48261	0
48263	3.31810690940462e-05
48265	0.00291993408027607
48267	0.000154844989105549
48269	0
48271	0.000188026058199595
48273	0.00288675301118202
48275	0.000364991760034508
48277	0.00496610000774225
48279	0.000774224945527745
48281	0.00194662272018404
48283	0.000752104232798381
48285	0.000409233185493237
48287	0.00132724276376185
48289	0.00101755278555075
48291	0.00393748686582682
48293	0.0014820877528674
48295	0.000918009578268612
48297	0.00283145122935861
48299	0.00186920022563127
48301	0
48303	0.0167121984670346
48305	0.000165905345470231
48307	0.000608319600057514
48309	0.00912479400086271
48311	5.53017818234104e-05
48313	0.00124982026920907
48315	0.00058619888732815
48317	0.000243327840023006
48319	0.000553017818234103
48321	0.00144890668377335
48323	0.00846117261898178
48325	0.00236691626204196
48327	0.000298629621846416
48329	0.00762058553526595
48331	0.00504352250229502
48333	8.84828509174566e-05
48335	0.000674681738245606
48337	0.00162587238560826
48339	0.0331036465994934
48341	0.00259918374570029
48343	0.000409233185493237
48345	0
48347	0.00530897105504739
48349	0.00257706303297092
48351	0.00171435523652572
48353	0.0014820877528674
48355	0.0566622056562662
48357	0.000707862807339652
48359	0.000176965701834913
48361	0.00628228241513942
48363	0.00508776392775375
48365	0.00159269131651422
48367	0.00402596971674427
48369	0.000287569265481734
48371	0.000486655680046011
48373	0.00400384900401491
48375	0.00812936192804132
48377	0.000276508909117052
48379	0.00133830312012653
48381	0.00549699711324699
48383	0
48385	0.000475595323681329
48387	0.000774224945527745
48389	0.00102861314191543
48391	0.000442414254587283
48393	0
48395	0.00360567617488635
48397	0.00374946080762722
48399	0.000453474610951965
48401	0.00303053764392289
48403	0.00115027706192694
48405	0.000940130290997976
48407	0.000387112472763872
48409	0.0171103712961632
48411	0.000254388196387688
48413	0.000232267483658323
48415	0.00170329488016104
48417	0.00032075033457578
48419	0.00181389844380786
48421	0.000398172829128555
48423	0.0240341543804541
48425	0
48427	0.00559654032052913
48429	0.000862707796445201
48431	0.000188026058199595
48433	0.000121663920011503
48435	0.000287569265481734
48437	0.000287569265481734
48439	0.155951024742017
48441	0.0223197991439284
48443	3.31810690940462e-05
48445	1.10603563646821e-05
48447	0.000132724276376185
48449	0.00183601915653722
48451	0.0112815634919757
48453	0.209881322376207
48455	0.000984371716456704
48457	0.00257706303297092
48459	0.00167011381106699
48461	0.000232267483658323
48463	0.00163693274197295
48465	0.00822890513532346
48467	0.00218995056020705
48469	0.0041918750622145
48471	0.00157057060378485
48473	0.00224525234203046
48475	0.000530897105504739
48477	0.00165905345470231
48479	0.0108280888810237
48481	0.00284251158572329
48483	0.000796345658257109
48485	0.00842799154988774
48487	0.000553017818234103
48489	0.000829526727351155
48491	0.0328381980467411
48493	0.00158163096014954
48495	0.000475595323681329
48497	0.00217889020384237
48499	0.00133830312012653
48501	0.000243327840023006
48503	0.00149314810923208
48505	0.000353931403669826
48507	0.00115027706192694
49001	0.000165905345470231
49003	0.00409233185493237
49005	0.0211916427947308
49007	0.00122769955647971
49009	5.53017818234104e-05
49011	0.0244876289914061
49013	0.000398172829128555
49015	0.00032075033457578
49017	0.000508776392775375
49019	0.00380476258945063
49021	0.00364991760034508
49023	0.00110603563646821
49025	0.00109497528010352
49027	0.000951190647362658
49029	0.000387112472763872
49031	0.000287569265481734
49033	0.000353931403669826
49035	0.108668001283001
49037	0.000541957461869421
49039	0.00274296837844115
49041	0.00182495880017254
49043	0.005983652793293
49045	0.00607213564421046
49047	0.00314114120756971
49049	0.0527247187904394
49051	0.00199086414564277
49053	0.0118124605974805
49055	0.000221207127293641
49057	0.0170440091579751
50001	0.00279827016026456
50003	0.00412551292402641
50005	0.00131618240739717
50007	0.0216782984747769
50009	0.000442414254587283
50011	0.00434672005132005
50013	0.000276508909117052
50015	0.00227843341112451
50017	0.00275402873480584
50019	0.00516518642230653
50021	0.00296417550573479
50023	0.00366097795670977
50025	0.00296417550573479
50027	0.00369415902580381
51001	0.00237797661840664
51003	0.0058619888732815
51005	0.000829526727351155
51007	0.000497716036410693
51009	0.00204616592746618
51011	0.00205722628383087
51013	0.0358576753342993
51015	0.00550805746961167
51017	0.000243327840023006
51019	0.0041918750622145
51021	0.000331810690940462
51023	0.00157057060378485
51025	0.00115027706192694
51027	0.000121663920011503
51029	0.00191344165109
51031	0.00655879132425647
51033	0.000840587083715837
51035	0.00134936347649121
51036	0.000475595323681329
51037	0.00285357194208797
51041	0.0102861314191543
51043	0.00058619888732815
51045	0.000132724276376185
51047	0.00306371871301693
51049	0.00136042383285589
51051	8.84828509174566e-05
51053	0.00116133741829162
51057	0.00138254454558526
51059	0.0847112693971
51061	0.00377158152035659
51063	0.00103967349828011
51065	0.00069680245097497
51067	0.00288675301118202
51069	0.00364991760034508
51071	0.00037605211639919
51073	0.0011723977746563
51075	0.000364991760034508
51077	0.000707862807339652
51079	0.000774224945527745
51081	0.000442414254587283
51083	0.00446838397133156
51085	0.00570714388417595
51087	0.0157720681760366
51089	0.00195768307654873
51091	0.000176965701834913
51093	0.00223419198566578
51095	0.00386006437127404
51097	0
51099	0.00175859666198445
51101	0.000409233185493237
51103	0.000718923163704335
51105	0.000331810690940462
51107	0.0182053465762667
51109	0.00242221804386537
51111	0.00154844989105549
51113	0.000442414254587283
51115	0.000685742094610288
51117	0.00397066793492086
51119	0.000741043876433699
51121	0.00939024255361508
51125	0.00372734009489786
51127	0.000796345658257109
51131	0.000630440312786878
51133	0.00137148418922058
51135	0.00314114120756971
51137	0.002156769491113
51139	0.0014157256146793
51141	0.00238903697477133
51143	0.00398172829128555
51145	0.00107285456737416
51147	0.00311902049484034
51149	0.00190238129472532
51153	0.0256600267660624
51155	0.00322962405848716
51157	0.00032075033457578
51159	0.000188026058199595
51161	0.00480019466227202
51163	0.00164799309833763
51165	0.00470065145498988
51167	0.000497716036410693
51169	0.000276508909117052
51171	0.00131618240739717
51173	0.00356143474942763
51175	0.0016037516728789
51177	0.00819572406622941
51179	0.00754316304071317
51181	3.31810690940462e-05
51183	0.000409233185493237
51185	0.0010507338546448
51187	0.00171435523652572
51191	0.00101755278555075
51193	0.00108391492373884
51195	0.0011723977746563
51197	0.00109497528010352
51199	0.00329598619667526
51510	0.0185260969108425
51515	0.000342871047305144
51520	0.00201298485837214
51530	0.00132724276376185
51540	0.0114253481247166
51550	0.0168559830997755
51570	0.00128300133830312
51580	7.74224945527745e-05
51590	0.00255494232024156
51595	0.000564078174598786
51600	0.000763164589163063
51610	0.00204616592746618
51620	0.000674681738245606
51630	0.00157057060378485
51640	0.00142678597104399
51650	0.0101534071427781
51660	0.00508776392775375
51670	0.0016037516728789
51678	0.000918009578268612
51680	0.00286463229845266
51683	0.00245539911295942
51685	0.00211252806565428
51690	0.000608319600057514
51700	0.0143010407795339
51710	0.0249964053841815
51720	0
51730	0.00176965701834913
51735	0.000364991760034508
51740	0.00846117261898178
51750	0.000530897105504739
51760	0.0338778715450212
51770	0.00713392985521994
51775	0.00194662272018404
51790	0.00231161448021855
51800	0.00585092851691681
51810	0.0426819152113081
51820	0.00305265835665225
51830	0.00173647594925509
51840	0.00353931403669826
53001	0.00228949376748919
53003	0.000840587083715837
53005	0.0123765387720792
53007	0.00867131938991074
53009	0.008140422284406
53011	0.0337893886941037
53013	0.000464534967316647
53015	0.00872662117173415
53017	0.00822890513532346
53019	0.000254388196387688
53021	0.00368309866943913
53023	7.74224945527745e-05
53025	0.0103967349828011
53027	0.00470065145498988
53029	0.00800769800802982
53031	0.00532003141141208
53033	0.290942674172962
53035	0.0281043655226571
53037	0.00978841538274363
53039	0.00100649242918607
53041	0.00284251158572329
53043	0.00235585590567728
53045	0.00298629621846416
53047	0.00249964053841815
53049	0.00155951024742017
53051	0.000508776392775375
53053	0.0650238350679659
53055	0.00336234833486335
53057	0.00975523431364959
53059	0.000785285301892427
53061	0.048566024797319
53063	0.043102208753166
53065	0.00383794365854468
53067	0.032561689137624
53069	0.000309689978211098
53071	0.00944554433543849
53073	0.034685277559643
53075	0.00592835101146959
53077	0.014157256146793
54001	0.000553017818234103
54003	0.00387112472763872
54005	0.00026544855275237
54007	0.000154844989105549
54009	9.95432072821386e-05
54011	0.00866025903354606
54013	0
54015	0.000387112472763872
54017	0.000276508909117052
54019	0.00256600267660624
54021	3.31810690940462e-05
54023	0.000298629621846416
54025	0.00182495880017254
54027	0.000553017818234103
54029	0.00128300133830312
54031	0.00058619888732815
54033	0.00278720980389988
54035	0.000309689978211098
54037	0.00368309866943913
54039	0.00644818776060965
54041	0.000409233185493237
54043	0.00157057060378485
54045	0.00128300133830312
54047	8.84828509174566e-05
54049	0.00300841693119352
54051	0.00236691626204196
54053	0.000918009578268612
54055	0.00223419198566578
54057	0.000862707796445201
54059	0.000254388196387688
54061	0.00482231537500138
54063	0.000132724276376185
54065	0.00131618240739717
54067	0.00064150066915156
54069	0.00291993408027607
54071	0.000154844989105549
54073	6.63621381880924e-05
54075	0.000309689978211098
54077	0.00180283808744318
54079	0.00037605211639919
54081	0.00851647440080519
54083	0.00243327840023006
54085	0.000143784632740867
54087	7.74224945527745e-05
54089	0.000829526727351155
54091	0.000951190647362658
54093	0.000597259243692832
54095	0.000276508909117052
54097	0.000309689978211098
54099	0.000995432072821386
54101	0.000674681738245606
54103	0.000442414254587283
54105	0.000630440312786878
54107	0.00392642650946214
54109	0.00168117416743167
55001	0.0012940616946678
55003	0.00169223452379636
55005	0.00223419198566578
55007	0.00110603563646821
55009	0.0257816906860739
55011	0.000707862807339652
55013	0.000940130290997976
55015	0.00324068441485185
55017	0.00648136882970369
55019	0.00439096147677878
55021	0.00386006437127404
55023	0.000818466370986473
55025	0.110581442934091
55027	0.00620485992058664
55029	0.00310796013847566
55031	0.00439096147677878
55033	0.00514306570957716
55035	0.0124650216229967
55037	0.000309689978211098
55039	0.00890358687356907
55041	0.000309689978211098
55043	0.00574032495326999
55045	0.0048112550186367
55047	0.00245539911295942
55049	0.00191344165109
55051	0.000210146770928959
55053	0.00181389844380786
55055	0.00812936192804132
55057	0.00183601915653722
55059	0.0110714167210468
55061	0.00157057060378485
55063	0.0149978432305089
55065	0.00106179421100948
55067	0.00116133741829162
55069	0.00136042383285589
55071	0.00686848130246757
55073	0.0127415305321137
55075	0.00316326192029907
55077	0.000984371716456704
55078	0.000221207127293641
55079	0.0694147965447447
55081	0.00602789421875173
55083	0.00192450200745468
55085	0.00241115768750069
55087	0.0183048897835488
55089	0.0071560505679493
55091	0.000608319600057514
55093	0.00329598619667526
55095	0.0017254155928904
55097	0.0127636512448431
55099	0.00158163096014954
55101	0.0130180394412308
55103	0.00101755278555075
55105	0.00880404366628693
55107	0.00090694922190393
55109	0.00409233185493237
55111	0.0045015650404256
55113	0.000929069934633294
55115	0.00259918374570029
55117	0.00987689823366109
55119	0.0027761494475352
55121	0.00207934699656023
55123	0.00367203831307445
55125	0.00226737305475982
55127	0.00978841538274363
55129	0.00119451848738566
55131	0.00977735502637895
55133	0.0182385276453607
55135	0.00350613296760422
55137	0.00196874343291341
55139	0.0154070764160021
55141	0.0077090683861834
56001	0.0147213343213918
56003	0.00096225100372734
56005	0.00603895457511641
56007	0.00162587238560826
56009	0.000630440312786878
56011	0.00107285456737416
56013	0.00356143474942763
56015	0.00132724276376185
56017	5.53017818234104e-05
56019	0.00131618240739717
56021	0.0102750710627896
56023	0.000652561025516242
56025	0.00710074878612589
56027	0.000232267483658323
56029	0.00167011381106699
56031	0.000575138530963468
56033	0.00285357194208797
56035	0.000453474610951965
56037	0.00196874343291341
56039	0.00509882428411843
56041	0.00162587238560826
56043	0.000884828509174566
56045	0.000442414254587283
